day,desktop,mobile,all
07/02/17,33.95348837209302,66.04651162790698,215
07/09/17,50.0,50.0,154
07/16/17,47.4025974025974,52.5974025974026,154
07/23/17,41.73913043478261,58.26086956521739,230
07/30/17,49.224806201550386,50.775193798449614,258
08/06/17,61.79245283018868,38.20754716981132,212
08/13/17,39.64285714285714,60.357142857142854,280
08/20/17,46.724937951872235,53.275062048127765,9267
08/27/17,47.23092998955068,52.769070010449326,8613
