day,desktop,mobile,all
07/02/17,38.028169014084504,61.97183098591549,142
07/09/17,46.63865546218487,53.36134453781513,238
07/16/17,45.320197044334975,54.679802955665025,203
07/23/17,53.36322869955157,46.63677130044843,223
07/30/17,46.04810996563574,53.95189003436426,291
08/06/17,48.148148148148145,51.85185185185185,216
08/13/17,48.26086956521739,51.73913043478261,230
08/20/17,43.28358208955223,56.71641791044776,603
08/27/17,57.49999999999999,42.5,280
